Iteration,fit_time,evaluate_time,hr@10,mrr@10,ndcg@10,hr@20,mrr@20,ndcg@20,hr@40,mrr@40,ndcg@40
1,101.78569602966309,0.6241731643676758,0.7362582781456953,0.37836519762430315,0.46365586209550785,0.8582781456953642,0.3870719612071885,0.49480721978776443,0.9471854304635762,0.3902493075677071,0.5130648943547536
