Iteration,fit_time,evaluate_time,hr@10,mrr@10,ndcg@10,hr@20,mrr@20,ndcg@20,hr@40,mrr@40,ndcg@40
5,92.89550852775574,0.3611116409301758,0.8066225165562914,0.4823796383895731,0.560558731895348,0.8910596026490066,0.4882880743206578,0.5819683138341744,0.9587748344370861,0.4907535436670677,0.5959517175851956
10,162.33007907867432,2.8219127655029297,0.8157284768211921,0.4962072952801448,0.5733530156165396,0.8960264900662251,0.5017393900357976,0.5936061331901197,0.9640728476821192,0.5042016670608116,0.6076304253174464
15,162.02034759521484,2.9751577377319336,0.8145695364238411,0.5048861426469061,0.5797080472708509,0.8985099337748345,0.5107660136837023,0.601002699296198,0.9642384105960264,0.5131355056238607,0.6145352283808891
20,161.41868448257446,2.857677936553955,0.8157284768211921,0.5083142147587524,0.5825993764201778,0.9009933774834437,0.5142273337502512,0.6041540225402341,0.9642384105960264,0.5165035809886556,0.6171688167552419
